label,face_index,sticker_index,sample_index,r,g,b,h_cos,h_sin,s,v
F,1,0,0,0.2621525054466231,0.9643366013071896,0.5338812636165577,-0.8009256988797253,0.5987637471273821,0.7281524883621893,0.9643366013071896
F,1,0,1,0.25656862745098036,0.960156862745098,0.5291176470588236,-0.8011723919328535,0.5984336207171103,0.7327846757065839,0.960156862745098
F,1,0,2,0.2511862745098039,0.9630098039215687,0.5234411764705882,-0.7980944244504526,0.6025323971879859,0.7391654025878832,0.9630098039215687
F,1,0,3,0.25267647058823534,0.9637843137254902,0.524607843137255,-0.798050237020576,0.6025909219291331,0.7378288202144324,0.9637843137254902
F,1,0,4,0.258,0.9626078431372549,0.5317843137254902,-0.8019191551474572,0.5974325640669318,0.7319780824150083,0.9626078431372549
F,1,0,5,0.26049999999999995,0.9649117647058824,0.532656862745098,-0.800539255843405,0.5992803182599004,0.7300271283567532,0.9649117647058824
F,1,0,6,0.2617156862745098,0.9655196078431373,0.5337156862745098,-0.8006087867318419,0.5991874252750704,0.7289379892976453,0.9655196078431373
F,1,0,7,0.27741176470588236,0.9645784313725491,0.5465294117647059,-0.8038363460385092,0.5948505096135146,0.7124010285911757,0.9645784313725491
F,1,0,8,0.2767450980392157,0.9673823529411765,0.5450098039215686,-0.8018365693358186,0.5975434009975886,0.7139237684067578,0.9673823529411765
F,1,0,9,0.2645686274509804,0.9670784313725491,0.5380686274509804,-0.8023917097458709,0.5967977413924235,0.7264248494556071,0.9670784313725491
F,1,1,0,0.26510457516339875,0.9839161220043573,0.5378169934640523,-0.7961457521169213,0.6051049011420926,0.730561813924394,0.9839161220043573
F,1,1,1,0.2645686274509804,0.9788921568627451,0.5331568627450981,-0.7939927053425964,0.6079272850125622,0.7297264815167206,0.9788921568627451
F,1,1,2,0.26407843137254905,0.9827941176470588,0.5352745098039215,-0.7948390677916801,0.6068202833723119,0.7312983191181605,0.9827941176470588
F,1,1,3,0.2677450980392157,0.9820686274509804,0.5378529411764706,-0.7953450400617189,0.6061569658506143,0.7273662037915164,0.9820686274509804
F,1,1,4,0.2636764705882353,0.9844313725490196,0.5373137254901962,-0.7963106019436514,0.6048879443600603,0.7321535274668366,0.9844313725490196
F,1,1,5,0.2607156862745098,0.9865196078431373,0.5379019607843137,-0.7977328250574459,0.6030110611140284,0.7357217391304348,0.9865196078431373
F,1,1,6,0.26485294117647057,0.9851274509803922,0.540078431372549,-0.7978651113758432,0.6028360175447495,0.7311485524914662,0.9851274509803922
F,1,1,7,0.2683039215686275,0.983,0.5379019607843137,-0.7947667725953322,0.606914967008064,0.7270560309576526,0.983
F,1,1,8,0.2635882352941177,0.9858333333333335,0.5399607843137255,-0.7982094265831732,0.602380038940337,0.732623937148824,0.9858333333333335
F,1,1,9,0.2684117647058824,0.9865784313725491,0.5409117647058824,-0.7961742021964185,0.6050674671116407,0.7279367193012093,0.9865784313725491
F,1,2,0,0.26056100217864925,0.9755457516339868,0.5398333333333333,-0.8031913146162133,0.5957211697808624,0.7329074502736305,0.9755457516339868
F,1,2,1,0.250343137254902,0.9776666666666667,0.5279411764705882,-0.7975864406463786,0.603204666508011,0.7439381480515834,0.9776666666666667
F,1,2,2,0.24773529411764705,0.9770490196078432,0.5287549019607843,-0.7998861982004538,0.6001517057614886,0.7464453787415085,0.9770490196078432
F,1,2,3,0.26419607843137255,0.9720882352941176,0.5409019607843137,-0.8033709767088932,0.5954788609025504,0.7282180065151835,0.9720882352941176
F,1,2,4,0.2629705882352941,0.9755098039215686,0.5374019607843137,-0.7997762218504979,0.6002982550054123,0.7304275290948925,0.9755098039215686
F,1,2,5,0.25123529411764706,0.9780196078431372,0.5331666666666667,-0.8015144809616527,0.5979753647172871,0.7431183463982838,0.9780196078431372
F,1,2,6,0.262578431372549,0.9723627450980393,0.5429803921568628,-0.805960735366428,0.5919689966945961,0.7299583589598815,0.9723627450980393
F,1,2,7,0.27137254901960783,0.9743529411764706,0.5501960784313726,-0.8069380003483763,0.5906361516143114,0.7214843435563069,0.9743529411764706
F,1,2,8,0.2648725490196079,0.9763627450980392,0.5440392156862744,-0.8042940981565543,0.5942314394834181,0.7287150187269678,0.9763627450980392
F,1,2,9,0.26974509803921565,0.9764999999999999,0.5531176470588236,-0.8096006239121865,0.5869811153359181,0.7237633404616327,0.9764999999999999
F,1,3,0,0.3701753812636166,0.9797494553376906,0.597553376906318,-0.792083814264751,0.6104123452059299,0.6221734248007027,0.9797494553376906
F,1,3,1,0.37223529411764705,0.9773627450980392,0.6002254901960784,-0.7944764794980166,0.6072949230188226,0.6191431523407328,0.9773627450980392
F,1,3,2,0.3700980392156863,0.9781372549019608,0.5960882352941176,-0.791225942252617,0.6115239229224466,0.6216297484213691,0.9781372549019608
F,1,3,3,0.3634607843137255,0.9806470588235294,0.5909117647058824,-0.7892098736290042,0.6141235831381915,0.6293663647451663,0.9806470588235294
F,1,3,4,0.3795392156862745,0.9777941176470588,0.6056960784313726,-0.7952794227485922,0.606243053364462,0.6118413796560886,0.9777941176470588
F,1,3,5,0.36933333333333335,0.9818627450980392,0.6014509803921568,-0.7958642585430745,0.6054750878225149,0.6238442336495256,0.9818627450980392
F,1,3,6,0.3714411764705882,0.9812254901960784,0.5956176470588235,-0.788632977184011,0.6148642348501684,0.6214517659989008,0.9812254901960784
F,1,3,7,0.3674509803921569,0.9790196078431372,0.5942549019607843,-0.7907041333570184,0.6121984755715474,0.624674544362107,0.9790196078431372
F,1,3,8,0.36636274509803923,0.982735294117647,0.5973529411764706,-0.7931986817170833,0.6089629309919293,0.6272009896347729,0.982735294117647
F,1,3,9,0.37165686274509807,0.9789607843137256,0.5963823529411765,-0.7901793609603047,0.6128756623593111,0.6203557193502515,0.9789607843137256
F,1,4,0,0.29348474945533765,0.9985762527233116,0.558363834422658,-0.7937778808308295,0.6082077571880496,0.7060968066735538,0.9985762527233116
F,1,4,1,0.30814705882352944,0.9976176470588236,0.5603137254901961,-0.7874126561397433,0.6164262396677759,0.691117073026917,0.9976176470588236
F,1,4,2,0.2922941176470588,0.9983627450980392,0.5562843137254901,-0.7926435563298079,0.6096853226122756,0.7072265375664077,0.9983627450980392
F,1,4,3,0.3031274509803922,0.998450980392157,0.5611078431372549,-0.7908105753526941,0.612060972379665,0.696402270183225,0.998450980392157
F,1,4,4,0.29217647058823526,0.9988039215686274,0.5560588235294118,-0.7923572477039116,0.6100573678032928,0.7074736449478789,0.9988039215686274
F,1,4,5,0.29484313725490197,0.9986666666666667,0.5617549019607844,-0.7960428366823795,0.6052402846528562,0.7047632136966936,0.9986666666666667
F,1,4,6,0.29208823529411765,0.9988039215686274,0.560156862745098,-0.7960967035629654,0.6051694296444426,0.7075619859047095,0.9988039215686274
F,1,4,7,0.28258823529411764,0.9995980392156864,0.5532941176470588,-0.7949750822687679,0.6066420844054307,0.7172981296403456,0.9995980392156864
F,1,4,8,0.28675490196078435,0.998107843137255,0.5585,-0.7978017838117876,0.6029198236471659,0.712701484180852,0.998107843137255
F,1,4,9,0.28934313725490196,0.9987745098039216,0.5578039215686275,-0.7955264757438023,0.6059188282192967,0.7103018404907975,0.9987745098039216
F,1,5,0,0.4080925925925926,0.9880087145969499,0.6326830065359478,-0.8011164857910439,0.5985084595841634,0.5869544604583062,0.9880087145969499
F,1,5,1,0.3912450980392157,0.9846274509803922,0.6177156862745099,-0.7975800150666338,0.6032131626268679,0.6026465668312888,0.9846274509803922
F,1,5,2,0.4021764705882353,0.986843137254902,0.6278235294117647,-0.8002761691267156,0.5996315978397639,0.5924616026545332,0.986843137254902
F,1,5,3,0.4157941176470588,0.9855686274509804,0.6394705882352941,-0.8044192841142548,0.5940619625469299,0.5781175393920102,0.9855686274509804
F,1,5,4,0.3955392156862745,0.9891470588235295,0.6232254901960785,-0.7987805131902254,0.6016225492346179,0.600120920182768,0.9891470588235295
F,1,5,5,0.402078431372549,0.9911764705882353,0.6308235294117648,-0.8017530078568885,0.597655514818053,0.5943422354104847,0.9911764705882353
F,1,5,6,0.42958823529411766,0.9862156862745098,0.645921568627451,-0.8019738638955214,0.5973591228302182,0.5644074199256416,0.9862156862745098
F,1,5,7,0.4016176470588236,0.992313725490196,0.6281862745098039,-0.7987796593678472,0.6016236828617918,0.5952714985772999,0.992313725490196
F,1,5,8,0.41011764705882353,0.9904117647058823,0.6358235294117647,-0.8021619294417641,0.5971065557790052,0.5859119795688068,0.9904117647058823
F,1,5,9,0.4246764705882353,0.9857745098039216,0.6451568627450981,-0.8046521032658523,0.5937465727983953,0.5691951187978,0.9857745098039216
F,1,6,0,0.3587494553376906,0.9660174291938998,0.5806045751633987,-0.7871502396752488,0.6167612991905365,0.628630452726871,0.9660174291938998
F,1,6,1,0.36017647058823526,0.9687843137254901,0.5838529411764706,-0.7885615686028496,0.6149558134716779,0.6282181023316061,0.9687843137254901
F,1,6,2,0.3526372549019608,0.9745686274509805,0.5821176470588235,-0.7895000497562445,0.6137504960771009,0.6381606744059715,0.9745686274509805
F,1,6,3,0.33103921568627453,0.9770588235294118,0.5731078431372549,-0.7931670684674965,0.6090041063069097,0.6611880393337347,0.9770588235294118
F,1,6,4,0.3717450980392157,0.9617450980392157,0.5870980392156863,-0.7869382430795152,0.6170317670743751,0.6134681644885728,0.9617450980392157
F,1,6,5,0.3663725490196078,0.9663137254901961,0.5855392156862745,-0.7871376101883303,0.6167774174100444,0.6208554847611705,0.9663137254901961
F,1,6,6,0.34662745098039216,0.9704117647058824,0.5731078431372549,-0.785689467543073,0.6186210961419618,0.6428037420945223,0.9704117647058824
F,1,6,7,0.3719411764705882,0.9556274509803921,0.5834705882352941,-0.7852537680453242,0.6191740625790296,0.6107885179637647,0.9556274509803921
F,1,6,8,0.36936274509803924,0.957529411764706,0.5785882352941176,-0.7809047697704307,0.6246500944927413,0.6142544129090388,0.957529411764706
F,1,6,9,0.35884313725490197,0.9621176470588235,0.5785588235294118,-0.7864211535166338,0.6176906744492482,0.6270277981576589,0.9621176470588235
F,1,7,0,0.38857625272331153,0.9795718954248366,0.5977505446623094,-0.7797328870311656,0.6261123101185949,0.6033203335679741,0.9795718954248366
F,1,7,1,0.3765392156862745,0.9817254901960785,0.5974803921568628,-0.7869864677964518,0.6169702582015315,0.6164516257889271,0.9817254901960785
F,1,7,2,0.38100980392156863,0.9820098039215686,0.596078431372549,-0.7822938174741733,0.6229096107315129,0.6120101831977238,0.9820098039215686
F,1,7,3,0.3855686274509804,0.9817450980392157,0.5972843137254902,-0.780510616450766,0.6251425258352252,0.6072619784697117,0.9817450980392157
F,1,7,4,0.3847843137254902,0.977421568627451,0.5985588235294117,-0.7841598135999316,0.6205589309122225,0.6063271713291272,0.977421568627451
F,1,7,5,0.38036274509803925,0.9818921568627451,0.5933529411764706,-0.7798283942652187,0.6259933510012153,0.6126226872884486,0.9818921568627451
F,1,7,6,0.39072549019607844,0.9811960784313726,0.5970392156862745,-0.7767540825728088,0.6298040133299201,0.6017865350412661,0.9811960784313726
F,1,7,7,0.40768627450980394,0.9726568627450981,0.6008235294117648,-0.7717491147750656,0.6359271214879127,0.5808529296146597,0.9726568627450981
F,1,7,8,0.39403921568627454,0.9785490196078431,0.5987745098039216,-0.7773227902816722,0.6291019628873491,0.5973229671782951,0.9785490196078431
F,1,7,9,0.39647058823529413,0.9789509803921569,0.6003627450980392,-0.7771731367004564,0.6292868309373507,0.595004656845563,0.9789509803921569
F,1,8,0,0.4763899782135076,0.9683398692810458,0.6458910675381263,-0.773541318731013,0.6337458703738317,0.5080343241808185,0.9683398692810458
F,1,8,1,0.42958823529411766,0.9789509803921569,0.6275490196078432,-0.7839186045304561,0.6208636093950284,0.5611749271429,0.9789509803921569
F,1,8,2,0.4518039215686275,0.9750392156862746,0.6365588235294117,-0.7791854852996739,0.6267934105415528,0.536629999798902,0.9750392156862746
F,1,8,3,0.47056862745098044,0.9701666666666667,0.6467549019607843,-0.778893355029931,0.6271563931669818,0.5149610436856412,0.9701666666666667
F,1,8,4,0.4707352941176471,0.9701960784313726,0.6473137254901961,-0.7794723296473295,0.6264366586608457,0.514803961196443,0.9701960784313726
F,1,8,5,0.4792058823529412,0.9682058823529412,0.6483921568627451,-0.774492594724671,0.6325829753610561,0.5050578693155928,0.9682058823529412
F,1,8,6,0.4874607843137255,0.9662745098039216,0.6473333333333333,-0.7664210343728944,0.6423385385221585,0.49552556818181814,0.9662745098039216
F,1,8,7,0.4883137254901961,0.964921568627451,0.6501274509803922,-0.7701868981939654,0.6378182671030663,0.4939342829855114,0.964921568627451
F,1,8,8,0.4991470588235294,0.9605980392156863,0.6543333333333333,-0.7680381327236101,0.6404041120124311,0.4803788489605128,0.9605980392156863
F,1,8,9,0.5106862745098039,0.9607058823529413,0.654656862745098,-0.7569407916138499,0.6534834642062477,0.4684259939586906,0.9607058823529413
U,2,0,0,0.869359477124183,0.9015838779956428,0.3843812636165577,0.44247165855230297,0.896782488331465,0.5736600076843706,0.9015838779956428
U,2,0,1,0.8703529411764706,0.8982450980392157,0.38335294117647056,0.450094508992268,0.8929809253142025,0.5732201132928041,0.8982450980392157
U,2,0,2,0.8700686274509805,0.8985784313725491,0.3794019607843137,0.4493999084051178,0.8933306903523867,0.5777753532267743,0.8985784313725491
U,2,0,3,0.8658921568627451,0.9009509803921569,0.3775392156862745,0.4380749438755862,0.898938453704369,0.5809547645733811,0.9009509803921569
U,2,0,4,0.8724803921568628,0.9006372549019608,0.38557843137254905,0.4496302469379397,0.8932147787842112,0.5718826538943015,0.9006372549019608
U,2,0,5,0.8685588235294118,0.9023627450980392,0.38142156862745097,0.4400425245092999,0.8979769354629784,0.5773079388533372,0.9023627450980392
U,2,0,6,0.8622254901960784,0.9058725490196079,0.3820686274509804,0.42262418299203774,0.9063050258882561,0.5782313661403261,0.9058725490196079
U,2,0,7,0.8745490196078431,0.9018823529411766,0.3911764705882353,0.4507024032869552,0.8926742651557525,0.5662666318810332,0.9018823529411766
U,2,0,8,0.8725,0.9025000000000001,0.39095098039215687,0.4459053230855301,0.8950801320797982,0.5668133181250339,0.9025000000000001
U,2,0,9,0.8676078431372549,0.9032254901960785,0.38794117647058823,0.43605840262339546,0.8999183682432161,0.5704935470915782,0.9032254901960785
U,2,1,0,0.8518856209150326,0.9153333333333333,0.3788257080610022,0.38919411442354385,0.9211557638630252,0.5861336037206821,0.9153333333333333
U,2,1,1,0.849421568627451,0.9067745098039215,0.3795588235294118,0.3983156652070921,0.9172484019340844,0.5814187326334453,0.9067745098039215
U,2,1,2,0.8477352941176471,0.9084411764705882,0.38004901960784315,0.3924450613987664,0.9197754474781975,0.5816470791379328,0.9084411764705882
U,2,1,3,0.8523235294117647,0.9078529411764705,0.3846764705882353,0.4008553557946716,0.9161413557583389,0.5762788738782518,0.9078529411764705
U,2,1,4,0.851156862745098,0.9180196078431373,0.37127450980392157,0.38530149570752026,0.9227907441048311,0.5955701745018048,0.9180196078431373
U,2,1,5,0.8511176470588235,0.9214019607843138,0.3753529411764706,0.3790870257538139,0.9253610251707856,0.5926284540821212,0.9214019607843138
U,2,1,6,0.849843137254902,0.9247647058823529,0.3760294117647059,0.37149586100896453,0.9284346101116697,0.5933782838241842,0.9247647058823529
U,2,1,7,0.8545980392156863,0.9137647058823529,0.38010784313725493,0.39631135994133804,0.918116172377683,0.5840199991416677,0.9137647058823529
U,2,1,8,0.8555588235294118,0.9181764705882353,0.37926470588235295,0.3911878998107101,0.9203108317528843,0.5869370235120763,0.9181764705882353
U,2,1,9,0.8552156862745098,0.9188039215686276,0.38311764705882356,0.3887661150580305,0.9213364791338103,0.5830256727629698,0.9188039215686276
U,2,2,0,0.8754270152505447,0.9156023965141613,0.3969869281045752,0.4281782619567968,0.9036942934353722,0.5664199551945633,0.9156023965141613
U,2,2,1,0.8768823529411766,0.9051862745098039,0.3952058823529412,0.44885115089091987,0.8936065377692224,0.5633982822298519,0.9051862745098039
U,2,2,2,0.8791862745098039,0.9069509803921569,0.39714705882352946,0.44982267748906357,0.8931178862930526,0.5621074706244797,0.9069509803921569
U,2,2,3,0.8810294117647058,0.9062058823529412,0.39985294117647063,0.45425062718375186,0.8908739347983912,0.5587614812891499,0.9062058823529412
U,2,2,4,0.8646078431372549,0.925,0.384843137254902,0.39541259468283946,0.918503609119847,0.5839533651298358,0.925
U,2,2,5,0.8694117647058824,0.9259411764705883,0.3874117647058824,0.40197657950428406,0.9156499492328037,0.5816021853757704,0.9259411764705883
U,2,2,6,0.8768137254901961,0.9243627450980393,0.39199019607843133,0.4169326120274183,0.9089373999500704,0.5759346661717135,0.9243627450980393
U,2,2,7,0.8741470588235294,0.9141078431372549,0.40362745098039216,0.4274076529287556,0.9040590125749162,0.558446572786066,0.9141078431372549
U,2,2,8,0.8749019607843137,0.9158725490196079,0.4057450980392157,0.42548134919888786,0.9049671935953778,0.5569851957310611,0.9158725490196079
U,2,2,9,0.8818627450980392,0.9167941176470589,0.40705882352941175,0.4366179710615397,0.899647012636681,0.5559975618363223,0.9167941176470589
U,2,3,0,0.882,0.9075522875816994,0.4261535947712418,0.45111500821467276,0.8924658253196454,0.5304363168905806,0.9075522875816994
U,2,3,1,0.8856274509803922,0.8978627450980393,0.43929411764705883,0.4756105545259417,0.8796559557142362,0.5107335502609683,0.8978627450980393
U,2,3,2,0.8820882352941176,0.9010784313725491,0.432843137254902,0.4627790885989625,0.8864736404177587,0.5196387770645197,0.9010784313725491
U,2,3,3,0.8817843137254903,0.9030392156862745,0.42733333333333334,0.4589465969871458,0.8884638547031153,0.5267831940071653,0.9030392156862745
U,2,3,4,0.8840392156862745,0.9004117647058825,0.43857843137254904,0.46751218040885645,0.8839866295195629,0.5129134818492629,0.9004117647058825
U,2,3,5,0.8823529411764706,0.903578431372549,0.43190196078431375,0.45864945777484983,0.8886172825704192,0.5220094395920359,0.903578431372549
U,2,3,6,0.8811470588235294,0.9048039215686274,0.42668627450980395,0.454476400861368,0.8907587782672126,0.5284212807454761,0.9048039215686274
U,2,3,7,0.8826078431372549,0.9148921568627452,0.4158823529411765,0.44022432544232903,0.8978878233325399,0.5454301910650564,0.9148921568627452
U,2,3,8,0.8801764705882352,0.9227941176470589,0.41483333333333333,0.42208086454853816,0.9065581855468289,0.5504594953519256,0.9227941176470589
U,2,3,9,0.8781764705882353,0.9195098039215686,0.40802941176470586,0.4250105197880799,0.9051884102602431,0.5562533319117177,0.9195098039215686
U,2,4,0,0.8713594771241829,0.9282832244008714,0.3906535947712418,0.40110464474236013,0.9160322395888176,0.5791655127416789,0.9282832244008714
U,2,4,1,0.8714313725490196,0.9130392156862746,0.39507843137254905,0.42546648278394616,0.9049741830723449,0.5672930312466444,0.9130392156862746
U,2,4,2,0.865343137254902,0.9138823529411765,0.40012745098039215,0.41201124090552566,0.9111787625748796,0.5621674390662548,0.9138823529411765
U,2,4,3,0.8666764705882353,0.9130196078431372,0.40297058823529414,0.4154616190760388,0.909610709630618,0.5586397216733958,0.9130196078431372
U,2,4,4,0.877235294117647,0.9205392156862745,0.39366666666666666,0.4237025968649409,0.9058013631088802,0.5723520954257415,0.9205392156862745
U,2,4,5,0.8718823529411766,0.9188627450980392,0.40156862745098043,0.41550035405303876,0.9095930165638914,0.5629721309376466,0.9188627450980392
U,2,4,6,0.872578431372549,0.9199607843137255,0.4017745098039216,0.4149103269665618,0.9098623085810845,0.5632699603563665,0.9199607843137255
U,2,4,7,0.8725686274509804,0.952,0.3756372549019608,0.37025113338211624,0.9289316972895576,0.6054230515735705,0.952
U,2,4,8,0.8729607843137256,0.9508823529411764,0.37242156862745096,0.3732743804182357,0.927720990882163,0.6083410660892876,0.9508823529411764
U,2,4,9,0.8715588235294117,0.9523627450980392,0.3726372549019608,0.3687251506561321,0.9295384678826437,0.6087234020650395,0.9523627450980392
U,2,5,0,0.8979640522875817,0.9174749455337691,0.4645174291938998,0.4604404618146782,0.8876905886196417,0.49370014793847844,0.9174749455337691
U,2,5,1,0.902843137254902,0.9026078431372548,0.46868627450980394,0.5004914195933494,0.8657414965874247,0.4808774025409925,0.902843137254902
U,2,5,2,0.9020686274509804,0.9038823529411765,0.47472549019607846,0.4961623282400638,0.8682297760589642,0.4747928326608529,0.9038823529411765
U,2,5,3,0.9045980392156864,0.903578431372549,0.4883725490196078,0.5022199415516,0.8647399206165444,0.4601220344861222,0.9045980392156864
U,2,5,4,0.9011176470588235,0.9100196078431373,0.4661078431372549,0.48170462738268277,0.8763336419184823,0.4878046152851695,0.9100196078431373
U,2,5,5,0.8999117647058823,0.9097156862745098,0.47565686274509805,0.4793782561933154,0.8776083907353303,0.4771367912836374,0.9097156862745098
U,2,5,6,0.9012058823529412,0.908235294117647,0.4860392156862745,0.4848252169488826,0.8746110615642069,0.46485319516407597,0.908235294117647
U,2,5,7,0.8899901960784313,0.9389705882352941,0.43121568627450985,0.41011599760729534,0.9120333702812485,0.5407569825110937,0.9389705882352941
U,2,5,8,0.8894607843137254,0.9405490196078431,0.43720588235294117,0.4053032271103285,0.9141823090029436,0.535158855903936,0.9405490196078431
U,2,5,9,0.8904803921568627,0.9397156862745097,0.4526470588235294,0.40569847671991094,0.9140069726140736,0.5183148845604114,0.9397156862745097
U,2,6,0,0.8778932461873639,0.9174270152505447,0.4228355119825708,0.4258435674877272,0.9047968037240879,0.5391071933203356,0.9174270152505447
U,2,6,1,0.8807254901960785,0.9265,0.4165,0.416515063670582,0.9091288147097148,0.5504587155963303,0.9265
U,2,6,2,0.880078431372549,0.9327843137254902,0.41092156862745094,0.4057838932032442,0.9139690541899206,0.5594677541410915,0.9327843137254902
U,2,6,3,0.8808627450980392,0.9344019607843138,0.4056764705882353,0.40553003900837814,0.9140817181531765,0.5658437293435038,0.9344019607843138
U,2,6,4,0.881264705882353,0.9004803921568627,0.4415392156862745,0.46156009734194986,0.887108942882265,0.5096625983951921,0.9004803921568627
U,2,6,5,0.8820392156862745,0.9015196078431373,0.44208823529411767,0.46106628645959297,0.8873656965932144,0.509618835299875,0.9015196078431373
U,2,6,6,0.8829019607843138,0.9018333333333334,0.4399901960784314,0.46237618725521723,0.886683856546023,0.5121158424559993,0.9018333333333334
U,2,6,7,0.8698431372549019,0.9157156862745098,0.421578431372549,0.41358093488579256,0.9104673581732592,0.5396186417995139,0.9157156862745098
U,2,6,8,0.8725196078431373,0.9196470588235294,0.4157549019607843,0.41291986203308434,0.9107673619199245,0.5479190652850624,0.9196470588235294
U,2,6,9,0.8708039215686275,0.9239607843137255,0.4114705882352941,0.40317220136303794,0.9151241314969691,0.554666610075973,0.9239607843137255
U,2,7,0,0.8645501089324619,0.9286132897603485,0.43777668845315904,0.37733815980316593,0.9260755439791942,0.5285694343593359,0.9286132897603485
U,2,7,1,0.8651862745098039,0.9423137254901961,0.42504901960784314,0.35924146573351035,0.9332446460053436,0.5489304590286737,0.9423137254901961
U,2,7,2,0.8647843137254903,0.9428529411764707,0.4241960784313726,0.3578587745224844,0.9337757211971544,0.5500930633974899,0.9428529411764707
U,2,7,3,0.8635980392156862,0.9419313725490196,0.4232156862745098,0.3573764124885942,0.9339604380254991,0.5506937144165618,0.9419313725490196
U,2,7,4,0.8690490196078432,0.9045294117647059,0.4585686274509804,0.426196687206818,0.9046305233706929,0.49303071687151806,0.9045294117647059
U,2,7,5,0.868078431372549,0.9046274509803922,0.45809803921568626,0.42402431091473575,0.9056508067424682,0.4936058609328941,0.9046274509803922
U,2,7,6,0.8692156862745098,0.9043529411764707,0.45683333333333337,0.4271853271315208,0.9041640870348344,0.49485061359004384,0.9043529411764707
U,2,7,7,0.8599117647058824,0.9383627450980392,0.4332352941176471,0.353171856832975,0.9355584639888352,0.538307230992655,0.9383627450980392
U,2,7,8,0.8611274509803922,0.9391176470588235,0.42914705882352944,0.35550101649776517,0.9346758942377061,0.5430316316943313,0.9391176470588235
U,2,7,9,0.8600000000000001,0.9394313725490196,0.43164705882352944,0.3520761902356093,0.9359713437222205,0.5405230531610695,0.9394313725490196
U,2,8,0,0.8817407407407408,0.9291339869281046,0.4761154684095861,0.40231540188593096,0.9155011291120082,0.48757071088991666,0.9291339869281046
U,2,8,1,0.8743235294117647,0.9481960784313725,0.42686274509803923,0.36646946706295325,0.9304300778191744,0.5498159559948715,0.9481960784313725
U,2,8,2,0.8759607843137255,0.945921568627451,0.438,0.37032462738789274,0.9289024008742891,0.5369594958749637,0.945921568627451
U,2,8,3,0.8812941176470589,0.9426666666666667,0.44973529411764707,0.3831620335838501,0.9236811441292329,0.5229116399034861,0.9426666666666667
U,2,8,4,0.8898431372549019,0.9025588235294117,0.4944117647058824,0.4714847775780637,0.881874199935662,0.4522110339883338,0.9025588235294117
U,2,8,5,0.892078431372549,0.9027745098039216,0.5087843137254903,0.4751806846350976,0.879888241170275,0.4364214893085585,0.9027745098039216
U,2,8,6,0.8957058823529411,0.9021764705882354,0.5318235294117647,0.48407238368728384,0.8750279580398052,0.41051053009063054,0.9021764705882354
U,2,8,7,0.8737549019607843,0.9401470588235294,0.4653333333333333,0.3682922145464043,0.9297100863734379,0.5050419729912926,0.9401470588235294
U,2,8,8,0.8756176470588235,0.9400196078431373,0.4767941176470588,0.36906939891863594,0.9294018392395383,0.4927827955194928,0.9400196078431373
U,2,8,9,0.8770882352941176,0.9377450980392157,0.4932941176470588,0.3715532788825463,0.9284116333564701,0.4739571353894407,0.9377450980392157
B,3,0,0,0.16884749455337691,0.4886655773420479,0.8909389978213507,-0.8346009776237194,-0.5508549792363974,0.8104836639026167,0.8909389978213507
B,3,0,1,0.1722843137254902,0.4847843137254902,0.8788529411764706,-0.8342391905346677,-0.5514027321079054,0.803966846267974,0.8788529411764706
B,3,0,2,0.15785294117647058,0.47950980392156867,0.8828039215686275,-0.8350560818893152,-0.5501648299370518,0.8211913910667882,0.8828039215686275
B,3,0,3,0.15641176470588233,0.47942156862745094,0.8858039215686274,-0.8345679365075132,-0.5509050366021275,0.8234239419160616,0.8858039215686274
B,3,0,4,0.16087254901960785,0.48525490196078436,0.8887843137254903,-0.8361717820826912,-0.548467638834468,0.8189970878926932,0.8887843137254903
B,3,0,5,0.16005882352941175,0.4840980392156863,0.8919019607843137,-0.8345237895950703,-0.5509719090841952,0.8205421329170971,0.8919019607843137
B,3,0,6,0.173421568627451,0.49261764705882355,0.8937156862745098,-0.8347403540774281,-0.5506437516895021,0.805954431268443,0.8937156862745098
B,3,0,7,0.16865686274509803,0.48950000000000005,0.8960882352941176,-0.8335368026304076,-0.5524639342623886,0.8117854290434459,0.8960882352941176
B,3,0,8,0.18194117647058825,0.5007450980392156,0.9020980392156862,-0.8344749575767233,-0.551045864858204,0.7983133001499771,0.9020980392156862
B,3,0,9,0.18812745098039216,0.5020588235294118,0.8984019607843138,-0.8340703321937212,-0.5516581196304968,0.7905976843414778,0.8984019607843138
B,3,1,0,0.1854934640522876,0.5029640522875817,0.891723311546841,-0.8384016647885815,-0.5450528859475336,0.7919831615363754,0.891723311546841
B,3,1,1,0.1756470588235294,0.49226470588235294,0.8836274509803922,-0.8370771337603088,-0.5470848856764606,0.801220459336514,0.8836274509803922
B,3,1,2,0.184,0.49688235294117644,0.8908431372549019,-0.8344522954340463,-0.5510801816839824,0.7934540972420928,0.8908431372549019
B,3,1,3,0.18865686274509805,0.500421568627451,0.8928529411764706,-0.8344966006742361,-0.5510130882866072,0.7887033193881696,0.8928529411764706
B,3,1,4,0.1811470588235294,0.4977843137254902,0.890421568627451,-0.8366252134173474,-0.547775731731863,0.7965603426444843,0.890421568627451
B,3,1,5,0.18488235294117647,0.5045098039215686,0.8947450980392156,-0.8388225620643199,-0.5444049130673327,0.7933686886395511,0.8947450980392156
B,3,1,6,0.18580392156862746,0.5086960784313725,0.8917254901960785,-0.8428687936470215,-0.5381191287215263,0.791635516073706,0.8917254901960785
B,3,1,7,0.18527450980392157,0.5074313725490196,0.8936960784313726,-0.8413710397124881,-0.5404579294756686,0.7926873416194039,0.8936960784313726
B,3,1,8,0.18755882352941178,0.5089705882352941,0.8935490196078432,-0.8416599798144764,-0.5400078502935817,0.7900967720699568,0.8935490196078432
B,3,1,9,0.19647058823529412,0.5097156862745098,0.8940490196078432,-0.8381262812447086,-0.5454762475918778,0.7802462908337262,0.8940490196078432
B,3,2,0,0.18138344226579523,0.5041350762527234,0.9105098039215687,-0.8344567809713024,-0.5510733895689501,0.8007891386950738,0.9105098039215687
B,3,2,1,0.17407843137254903,0.49970588235294117,0.9053333333333334,-0.8359795202826636,-0.5487606415077229,0.8077189638742094,0.9053333333333334
B,3,2,2,0.1664019607843137,0.49216666666666664,0.9042254901960785,-0.8338017155702845,-0.5520640353365273,0.8159729375155859,0.9042254901960785
B,3,2,3,0.17080392156862745,0.49586274509803924,0.9044117647058824,-0.8347111202396309,-0.5506880657398527,0.8111436314363144,0.9044117647058824
B,3,2,4,0.18140196078431373,0.5058921568627451,0.9114803921568628,-0.83549639731741,-0.5494959236151152,0.8009809510492519,0.9114803921568628
B,3,2,5,0.17805882352941177,0.5050392156862745,0.9118823529411765,-0.8361432558348396,-0.5485111263428609,0.8047348729196233,0.9118823529411765
B,3,2,6,0.17568627450980392,0.5006372549019609,0.9150098039215687,-0.8326457182191859,-0.5538060201291208,0.807995199879997,0.9150098039215687
B,3,2,7,0.2003529411764706,0.5145392156862746,0.9109901960784315,-0.8341472054626936,-0.5515418747645356,0.7800712433142132,0.9109901960784315
B,3,2,8,0.19829411764705882,0.5122352941176471,0.9138823529411765,-0.8321773447930491,-0.5545095732385428,0.7830200823892893,0.9138823529411765
B,3,2,9,0.18737254901960784,0.5111372549019608,0.9173725490196079,-0.8349515899352877,-0.5503233980711116,0.7957508656435686,0.9173725490196079
B,3,3,0,0.24554357298474946,0.5303671023965142,0.9252331154684096,-0.8205807067529042,-0.5715306673354494,0.7346143702817637,0.9252331154684096
B,3,3,1,0.26135294117647057,0.5273627450980392,0.9273627450980392,-0.8086525949304234,-0.5882864784374129,0.718176147836475,0.9273627450980392
B,3,3,2,0.23970588235294119,0.5257058823529412,0.9253333333333333,-0.8194339435985741,-0.5731736317020253,0.7409518562468215,0.9253333333333333
B,3,3,3,0.24383333333333335,0.523107843137255,0.9257254901960784,-0.8148596900213472,-0.5796582489521857,0.7366029822926374,0.9257254901960784
B,3,3,4,0.2614019607843137,0.5300980392156863,0.9266862745098039,-0.8113995214649017,-0.5844919302834972,0.7179175218467659,0.9266862745098039
B,3,3,5,0.24501960784313728,0.5295490196078432,0.9266764705882353,-0.8195974156570128,-0.5729398539535766,0.7355931486124777,0.9266764705882353
B,3,3,6,0.24751960784313726,0.5334607843137255,0.9293039215686274,-0.8207911900357964,-0.5712283451997294,0.7336505290698289,0.9293039215686274
B,3,3,7,0.24200980392156862,0.5301372549019608,0.9178333333333334,-0.8249174223249583,-0.5652532585883484,0.7363248913147972,0.9178333333333334
B,3,3,8,0.2293235294117647,0.5327941176470589,0.9227941176470589,-0.8315343790427986,-0.5554732905099105,0.7514900398406374,0.9227941176470589
B,3,3,9,0.23972549019607844,0.5410882352941176,0.9253823529411764,-0.832645373376635,-0.553806538598529,0.7409443897064276,0.9253823529411764
B,3,4,0,0.1594400871459695,0.5022004357298475,0.9262973856209151,-0.8369368159487538,-0.5472995213861983,0.827873758880261,0.9262973856209151
B,3,4,1,0.16012745098039216,0.4990686274509804,0.923843137254902,-0.8351199130355456,-0.5500679329423802,0.826672467951439,0.923843137254902
B,3,4,2,0.16301960784313727,0.5033823529411765,0.9247745098039215,-0.8368487781694655,-0.5474341261524283,0.8237196136843109,0.9247745098039215
B,3,4,3,0.15933333333333335,0.49926470588235294,0.927735294117647,-0.8343021793150432,-0.5513074220343578,0.8282556087457333,0.927735294117647
B,3,4,4,0.1562156862745098,0.4978921568627451,0.9248627450980392,-0.8355294004577087,-0.5494457397876352,0.8310931139755767,0.9248627450980392
B,3,4,5,0.17162745098039217,0.507421568627451,0.9273235294117647,-0.8354338902425762,-0.5495909524675193,0.8149217122860435,0.9273235294117647
B,3,4,6,0.17719607843137256,0.5111862745098039,0.9254705882352942,-0.836581054499163,-0.5478431703079527,0.8085340791118456,0.9254705882352942
B,3,4,7,0.1434901960784314,0.49848039215686274,0.9304705882352942,-0.8392853386599941,-0.543691199404937,0.845787499473174,0.9304705882352942
B,3,4,8,0.15076470588235294,0.49830392156862746,0.9269901960784314,-0.8373733527234516,-0.5466313823306214,0.8373610567618162,0.9269901960784314
B,3,4,9,0.15318627450980393,0.5048039215686274,0.9252058823529412,-0.8417662349013699,-0.5398422045190351,0.8344300685591972,0.9252058823529412
B,3,5,0,0.29977995642701527,0.5660435729847494,0.9324760348583878,-0.8216507275400634,-0.5699912998747301,0.6785118917586532,0.9324760348583878
B,3,5,1,0.25980392156862747,0.5522549019607844,0.9335980392156863,-0.8294488860719078,-0.558582621815315,0.7217175800980814,0.9335980392156863
B,3,5,2,0.29898039215686273,0.5667941176470588,0.9316666666666668,-0.8231143146906811,-0.5678757125914882,0.6790908134273388,0.9316666666666668
B,3,5,3,0.32231372549019605,0.5747843137254902,0.9335196078431373,-0.8169856862440682,-0.5766579475497662,0.6547327739211711,0.9335196078431373
B,3,5,4,0.2793529411764706,0.5590588235294117,0.9327450980392157,-0.8259503648534869,-0.5637428445651367,0.700504519655245,0.9327450980392157
B,3,5,5,0.2982843137254902,0.5685980392156863,0.9339411764705883,-0.8242750464459236,-0.5661895864518973,0.6806176649660934,0.9339411764705883
B,3,5,6,0.31880392156862747,0.5780490196078432,0.931578431372549,-0.8229783749555887,-0.5680727016460645,0.6577809115879647,0.931578431372549
B,3,5,7,0.2897058823529412,0.5597450980392158,0.9305882352941177,-0.821958413527744,-0.5695475102491048,0.688685208596713,0.9305882352941177
B,3,5,8,0.3058431372549019,0.5650000000000001,0.9313529411764706,-0.8177358513930276,-0.5755936738242702,0.6716141392450369,0.9313529411764706
B,3,5,9,0.3249313725490196,0.5701078431372549,0.9332941176470588,-0.8108659115824874,-0.5852319825791321,0.6518446153199714,0.9332941176470588
B,3,6,0,0.28010348583878,0.555772331154684,0.8985196078431372,-0.8362474597264121,-0.5483522463719126,0.6882611315392906,0.8985196078431372
B,3,6,1,0.27084313725490194,0.5502156862745098,0.9019117647058824,-0.8344811858580423,-0.551036432959705,0.6997010707103647,0.9019117647058824
B,3,6,2,0.26635294117647057,0.5528725490196079,0.9043235294117646,-0.838163167277393,-0.5454195678736956,0.7054672000520376,0.9043235294117646
B,3,6,3,0.262421568627451,0.552921568627451,0.9070784313725491,-0.83902818053671,-0.544087963720259,0.7106958345042261,0.9070784313725491
B,3,6,4,0.282764705882353,0.554186274509804,0.8961372549019608,-0.834371127591225,-0.5512030673373903,0.6844627267356628,0.8961372549019608
B,3,6,5,0.2764607843137255,0.5542745098039216,0.8979901960784314,-0.8369462494839156,-0.5472850952426964,0.692133850100988,0.8979901960784314
B,3,6,6,0.27343137254901967,0.5586666666666666,0.9007941176470589,-0.8413170678618408,-0.540541942243481,0.6964551974837018,0.9007941176470589
B,3,6,7,0.29833333333333334,0.5583725490196078,0.8880392156862745,-0.8334796122554213,-0.55255021125193,0.6640538750275999,0.8880392156862745
B,3,6,8,0.29683333333333334,0.5582843137254903,0.893892156862745,-0.8317012058680151,-0.5552234722683197,0.6679316055584192,0.893892156862745
B,3,6,9,0.2934901960784314,0.562156862745098,0.8965098039215686,-0.8361151308459337,-0.5485539973152025,0.6726302436463847,0.8965098039215686
B,3,7,0,0.3362864923747277,0.5925403050108932,0.9026296296296297,-0.8400770471301418,-0.5424671002789954,0.6274369006557938,0.9026296296296297
B,3,7,1,0.31437254901960787,0.5845098039215687,0.9075,-0.8417627519786317,-0.5398476353392321,0.6535839680224707,0.9075
B,3,7,2,0.31229411764705883,0.5849313725490196,0.9086764705882353,-0.8427259896185815,-0.538342740660058,0.6563197928467389,0.9086764705882353
B,3,7,3,0.32531372549019605,0.5866960784313726,0.9107352941176471,-0.8366605251021283,-0.5477217959291295,0.6428010118951506,0.9107352941176471
B,3,7,4,0.3240588235294118,0.585156862745098,0.9038333333333333,-0.8388667783283765,-0.5443367783063812,0.6414617478929614,0.9038333333333333
B,3,7,5,0.3267058823529412,0.5904509803921568,0.9023823529411765,-0.843287223224237,-0.5374631700374974,0.6379518268635312,0.9023823529411765
B,3,7,6,0.3432647058823529,0.5991666666666666,0.902921568627451,-0.8427802082865689,-0.5382578569054497,0.6198288779343742,0.902921568627451
B,3,7,7,0.34765686274509805,0.5911274509803922,0.8972450980392157,-0.8346588067242396,-0.5507673522982897,0.6125285459849867,0.8972450980392157
B,3,7,8,0.3606176470588235,0.6024117647058824,0.8939901960784313,-0.8405650741855133,-0.541710583300255,0.5966201322556943,0.8939901960784313
B,3,7,9,0.37229411764705883,0.6084117647058824,0.8963823529411765,-0.8389729110722869,-0.5441731842776641,0.5846704071923089,0.8963823529411765
B,3,8,0,0.4866917211328976,0.6534008714596949,0.9033300653594771,-0.8090964879275917,-0.5876758232420629,0.46122492785710584,0.9033300653594771
B,3,8,1,0.45122549019607844,0.6416176470588236,0.9088823529411765,-0.8187604801528118,-0.5741352420292078,0.5035380665760576,0.9088823529411765
B,3,8,2,0.4741764705882353,0.6507941176470589,0.9075686274509804,-0.8136229798863911,-0.5813928504899155,0.47753100289504385,0.9075686274509804
B,3,8,3,0.47572549019607846,0.6487352941176471,0.907686274509804,-0.8093381882179944,-0.5873429126941214,0.4758921627927072,0.907686274509804
B,3,8,4,0.48783333333333334,0.6577156862745098,0.9058529411764706,-0.8129369799653693,-0.582351669186914,0.4614651990865504,0.9058529411764706
B,3,8,5,0.49550000000000005,0.657421568627451,0.9038921568627452,-0.8068482496938312,-0.5907587510701818,0.45181513498270004,0.9038921568627452
B,3,8,6,0.49580392156862746,0.6572549019607843,0.9048823529411765,-0.8057236428186576,-0.5922916607576307,0.4520791349758391,0.9048823529411765
B,3,8,7,0.4936078431372549,0.6528137254901961,0.8975686274509804,-0.8053775519266808,-0.592762177312779,0.4500611674239776,0.8975686274509804
B,3,8,8,0.4960588235294118,0.6549509803921569,0.896578431372549,-0.8069902362149984,-0.5905647793880541,0.4467201014751069,0.896578431372549
B,3,8,9,0.5102941176470588,0.6593039215686275,0.8970588235294118,-0.7998559606493414,-0.6001920044566732,0.43114754098360664,0.8970588235294118
D,4,0,0,0.7905250544662309,0.7760936819172114,0.8261187363834422,-0.2196934125533304,-0.975568964492348,0.06055431533393011,0.8261187363834422
D,4,0,1,0.7917058823529411,0.7718627450980393,0.8185686274509805,-0.07861249080462054,-0.9969052494041214,0.05705799219105561,0.8185686274509805
D,4,0,2,0.7878137254901961,0.7736372549019608,0.818656862745098,-0.19262938076684635,-0.9812715840507058,0.054992036214267674,0.818656862745098
D,4,0,3,0.7844313725490196,0.7733725490196078,0.817764705882353,-0.25971249885733455,-0.9656859830904034,0.05428475519109962,0.817764705882353
D,4,0,4,0.7926274509803922,0.7755686274509804,0.8266666666666667,-0.17312050463909218,-0.9849006502553981,0.061812144212523665,0.8266666666666667
D,4,0,5,0.7907450980392158,0.7770588235294118,0.8275490196078431,-0.2374472247651928,-0.971400440318671,0.06101172846819089,0.8275490196078431
D,4,0,6,0.7893235294117648,0.7769901960784313,0.8282549019607843,-0.2683333854046322,-0.9633261100361026,0.06189484150469928,0.8282549019607843
D,4,0,7,0.7970882352941177,0.778578431372549,0.8337156862745098,-0.1712026752045185,-0.9852358316681423,0.06613436188101926,0.8337156862745098
D,4,0,8,0.7913823529411765,0.7789117647058824,0.8325980392156863,-0.27669112537057355,-0.9609589071032983,0.06448042390344419,0.8325980392156863
D,4,0,9,0.7896078431372549,0.7788627450980393,0.8312941176470589,-0.30409648441431714,-0.9526412379100817,0.0630719879233889,0.8312941176470589
D,4,1,0,0.7914684095860567,0.7838322440087147,0.8303398692810458,-0.3444544776294568,-0.9388030213207763,0.056010348283769607,0.8303398692810458
D,4,1,1,0.7888725490196078,0.7810294117647059,0.8284019607843137,-0.3431060556894958,-0.9392966701469757,0.0571854622057588,0.8284019607843137
D,4,1,2,0.7908823529411765,0.7830392156862745,0.833,-0.3515287318700599,-0.9361770936472583,0.0599769319492502,0.833
D,4,1,3,0.7919509803921568,0.7841078431372549,0.8350882352941176,-0.3546048870425359,-0.9350162426854147,0.06104791087005005,0.8350882352941176
D,4,1,4,0.7907941176470589,0.7829705882352941,0.8308333333333334,-0.3451760689809066,-0.9385379488347226,0.0576081184730664,0.8308333333333334
D,4,1,5,0.7921666666666667,0.7844019607843138,0.8306764705882352,-0.3409079902364047,-0.9400966664088196,0.05570701884832806,0.8306764705882352
D,4,1,6,0.792156862745098,0.7843137254901961,0.832,-0.3441772303626386,-0.9389046991574295,0.05731523378582199,0.832
D,4,1,7,0.7920784313725491,0.7842352941176471,0.8290980392156864,-0.33397942913890205,-0.9425803631054771,0.05411030176899064,0.8290980392156864
D,4,1,8,0.792156862745098,0.7847843137254902,0.8288627450980393,-0.341436421511944,-0.9399048728808241,0.05317940953822868,0.8288627450980393
D,4,1,9,0.792156862745098,0.785607843137255,0.8250980392156863,-0.34283435095278675,-0.9393958738502003,0.04786121673003793,0.8250980392156863
D,4,2,0,0.7930381263616558,0.7846078431372548,0.8386056644880174,-0.35237485303696675,-0.9358589439371598,0.06439000311753099,0.8386056644880174
D,4,2,1,0.792156862745098,0.7843137254901961,0.8369019607843137,-0.3592062013495007,-0.9332582198470378,0.0628367930275057,0.8369019607843137
D,4,2,2,0.792156862745098,0.7843137254901961,0.8384705882352941,-0.3634243146226219,-0.9316237263729802,0.06459005659230155,0.8384705882352941
D,4,2,3,0.792343137254902,0.7814901960784314,0.837392156862745,-0.31484497991675287,-0.9491431075560837,0.0667572060786287,0.837392156862745
D,4,2,4,0.7922450980392157,0.7844019607843138,0.8376960784313726,-0.36113599765203036,-0.9325131587274641,0.06361987243255895,0.8376960784313726
D,4,2,5,0.792156862745098,0.7843137254901961,0.8391372549019609,-0.3651417908403669,-0.9309519174382154,0.06533320871109463,0.8391372549019609
D,4,2,6,0.792421568627451,0.7828529411764705,0.8377941176470589,-0.3346346247009171,-0.9423479548188537,0.0655783745831141,0.8377941176470589
D,4,2,7,0.7920980392156863,0.7842549019607844,0.8380196078431372,-0.362393544965981,-0.932025170565146,0.06415685907484954,0.8380196078431372
D,4,2,8,0.7933039215686275,0.7854607843137256,0.8384019607843138,-0.36017772480471083,-0.9328837047320003,0.06314533952313578,0.8384019607843138
D,4,2,9,0.7984607843137256,0.7900686274509804,0.8436372549019607,-0.35184643238865365,-0.9360577375436713,0.06349722838781648,0.8436372549019607
D,4,3,0,0.8088921568627452,0.7902625272331155,0.8420065359477125,-0.14604726121475847,-0.9892776139646889,0.06145321503515049,0.8420065359477125
D,4,3,1,0.8125490196078432,0.7916862745098039,0.8465882352941176,-0.12533323356430284,-0.992114701314478,0.06485084306095983,0.8465882352941176
D,4,3,2,0.8077843137254902,0.7920980392156863,0.8470000000000001,-0.2225209339563163,-0.9749279121818232,0.06481931615621457,0.8470000000000001
D,4,3,3,0.8077254901960784,0.7923921568627451,0.846235294117647,-0.22347686459204552,-0.9747092340755311,0.06362667408128261,0.846235294117647
D,4,3,4,0.8117745098039215,0.7901862745098039,0.8445980392156863,-0.1079055649142818,-0.9941611484364744,0.06442326666589285,0.8445980392156863
D,4,3,5,0.8077450980392157,0.7919803921568628,0.8468431372549019,-0.22085257334329964,-0.9753072033198783,0.06478501470281774,0.8468431372549019
D,4,3,6,0.8074019607843138,0.7923823529411765,0.8450490196078432,-0.22306389596940465,-0.9748038255541217,0.062323800684494425,0.8450490196078432
D,4,3,7,0.8092352941176472,0.7779019607843137,0.8214607843137255,0.22767158723524192,-0.9737379772637943,0.05302605353924739,0.8214607843137255
D,4,3,8,0.8087450980392158,0.7896862745098039,0.8387450980392157,-0.11650861808363763,-0.9931896807318535,0.0584907424724145,0.8387450980392157
D,4,3,9,0.8070686274509804,0.7940490196078432,0.8415392156862745,-0.2343071382559604,-0.9721626226934988,0.05643254074583213,0.8415392156862745
D,4,4,0,0.8036742919389978,0.7959444444444445,0.839099128540305,-0.32973722896192875,-0.9440727513473253,0.051429780615947406,0.839099128540305
D,4,4,1,0.8026274509803922,0.7947843137254903,0.837921568627451,-0.3270679633174219,-0.9450008187146683,0.051481256142649826,0.837921568627451
D,4,4,2,0.7999803921568628,0.7923725490196079,0.8348039215686275,-0.32956119814795537,-0.9441342153927502,0.05082795067527895,0.8348039215686275
D,4,4,3,0.8015882352941176,0.7937450980392157,0.8397843137254902,-0.3383854084280095,-0.9410076064320677,0.054822666884587604,0.8397843137254902
D,4,4,4,0.8041176470588236,0.7962745098039216,0.8394117647058824,-0.3270679633174202,-0.945000818714669,0.05138986218173332,0.8394117647058824
D,4,4,5,0.8040294117647059,0.796186274509804,0.8393235294117647,-0.3270679633174219,-0.9450008187146683,0.05139526462720907,0.8393235294117647
D,4,4,6,0.8039313725490196,0.7960882352941177,0.8394607843137255,-0.3280438884982461,-0.9446624832282429,0.051667153284671544,0.8394607843137255
D,4,4,7,0.8051470588235294,0.7980882352941178,0.8389509803921569,-0.33603218329872797,-0.9418505039482062,0.048706951959145865,0.8389509803921569
D,4,4,8,0.8052058823529412,0.7973627450980393,0.8405,-0.3270679633174219,-0.9450008187146683,0.05132332528490272,0.8405
D,4,4,9,0.8064411764705883,0.7985980392156863,0.8417352941176471,-0.3270679633174202,-0.945000818714669,0.05124800540433519,0.8417352941176471
D,4,5,0,0.8141100217864924,0.7988899782135076,0.8516568627450981,-0.21973794335344987,-0.9755589353036525,0.06195791619820916,0.8516568627450981
D,4,5,1,0.812186274509804,0.7965000000000001,0.8514019607843137,-0.22252093395631545,-0.9749279121818234,0.06448418410234551,0.8514019607843137
D,4,5,2,0.8143529411764706,0.7986666666666666,0.8535686274509804,-0.22252093395631284,-0.974927912181824,0.0643204998621704,0.8535686274509804
D,4,5,3,0.8155196078431373,0.7998333333333334,0.8547352941176471,-0.2225209339563163,-0.9749279121818232,0.06423270591743806,0.8547352941176471
D,4,5,4,0.8131470588235293,0.7976960784313726,0.8518921568627451,-0.2231540948269274,-0.9747831810007673,0.06361847329474178,0.8518921568627451
D,4,5,5,0.8129411764705883,0.7980392156862746,0.8505882352941176,-0.22469722632977107,-0.9744286307779075,0.06177962194559699,0.8505882352941176
D,4,5,6,0.8150196078431373,0.8001176470588235,0.8526666666666667,-0.22469722632977018,-0.9744286307779078,0.061629030032654256,0.8526666666666667
D,4,5,7,0.8147254901960784,0.7996666666666666,0.8476274509803922,-0.1935679493762253,-0.9810868712679235,0.05658238682366008,0.8476274509803922
D,4,5,8,0.814529411764706,0.7995882352941177,0.8506862745098039,-0.21568761133718717,-0.9764624182812457,0.060066843379048,0.8506862745098039
D,4,5,9,0.8145686274509804,0.7999019607843137,0.8517450980392156,-0.22538840143669653,-0.9742689918589273,0.06086696286746921,0.8517450980392156
D,4,6,0,0.8063191721132897,0.7993562091503268,0.8393867102396515,-0.3348515932251977,-0.9422708795853487,0.047690177365204756,0.8393867102396515
D,4,6,1,0.8065,0.7977941176470589,0.8415196078431373,-0.3099100813225723,-0.9507658710190625,0.051960156113473495,0.8415196078431373
D,4,6,2,0.8073137254901961,0.7994705882352942,0.8425294117647059,-0.32674020643194157,-0.9451141928364065,0.05110661174334979,0.8425294117647059
D,4,6,3,0.8077941176470589,0.799950980392157,0.8430882352941177,-0.3270679633174219,-0.9450008187146683,0.05116576545147968,0.8430882352941177
D,4,6,4,0.8058921568627451,0.7973431372549019,0.8404803921568627,-0.3108272405295411,-0.9504664257851462,0.05132452262361623,0.8404803921568627
D,4,6,5,0.8073823529411764,0.7995392156862745,0.8426764705882352,-0.3270679633174219,-0.9450008187146683,0.051190767047107094,0.8426764705882352
D,4,6,6,0.8077745098039216,0.7999313725490197,0.8430686274509804,-0.3270679633174219,-0.9450008187146683,0.05116695544986215,0.8430686274509804
D,4,6,7,0.8038823529411765,0.7990196078431373,0.8332156862745098,-0.3659797382339167,-0.9306228189778251,0.04104108815362164,0.8332156862745098
D,4,6,8,0.8044803921568628,0.8001666666666667,0.8327156862745098,-0.3753863360398217,-0.9268684365726335,0.039087794482969646,0.8327156862745098
D,4,6,9,0.8058529411764707,0.8009901960784314,0.8351862745098039,-0.36597973823391344,-0.9306228189778264,0.04094425336604487,0.8351862745098039
D,4,7,0,0.8130392156862745,0.8086786492374727,0.8413681917211329,-0.3745483534689911,-0.9272073829050692,0.03885283851388449,0.8413681917211329
D,4,7,1,0.8117450980392157,0.806186274509804,0.8423529411764706,-0.3547478031621531,-0.9349620292566037,0.04293528864059592,0.8423529411764706
D,4,7,2,0.8133431372549019,0.8089117647058823,0.8418137254901961,-0.37329465296723235,-0.9277128338371059,0.039084609561521,0.8418137254901961
D,4,7,3,0.8150294117647059,0.8104019607843137,0.8438921568627451,-0.3699024601196631,-0.9290705947329412,0.03968539795764261,0.8438921568627451
D,4,7,4,0.811950980392157,0.8079509803921568,0.8395588235294118,-0.38118248730166276,-0.9244998168601861,0.03764815787937181,0.8395588235294118
D,4,7,5,0.8136764705882353,0.8097156862745097,0.8412058823529411,-0.38193028199622975,-0.9241911380738729,0.037434588534200466,0.8412058823529411
D,4,7,6,0.8152843137254903,0.8103823529411766,0.8448137254901961,-0.36581680254079746,-0.9306868791268238,0.04075617086954997,0.8448137254901961
D,4,7,7,0.8111176470588236,0.8071960784313725,0.8385686274509804,-0.38268343236508623,-0.9238795325112882,0.0374120232889845,0.8385686274509804
D,4,7,8,0.8123235294117648,0.8084019607843138,0.8397745098039217,-0.38268343236509034,-0.9238795325112865,0.03735830113125605,0.8397745098039217
D,4,7,9,0.8128823529411765,0.8089607843137254,0.8403333333333333,-0.38268343236508623,-0.9238795325112882,0.037333457778192594,0.8403333333333333
D,4,8,0,0.8216023965141612,0.8162516339869281,0.8517897603485839,-0.3578164944250883,-0.9337919234590438,0.041721711173320804,0.8517897603485839
D,4,8,1,0.8192843137254903,0.8120686274509804,0.8533235294117647,-0.33390069140688733,-0.9426082581210513,0.04834614368271692,0.8533235294117647
D,4,8,2,0.8205686274509804,0.8131176470588235,0.8550784313725491,-0.3312686321755763,-0.9435364822499036,0.04907243917539973,0.8550784313725491
D,4,8,3,0.8210686274509804,0.813578431372549,0.8547156862745099,-0.326810666544056,-0.9450898307743184,0.048129753042520804,0.8547156862745099
D,4,8,4,0.823813725490196,0.8196960784313726,0.8514999999999999,-0.37835480357653445,-0.9256606519727205,0.03735046572945076,0.8514999999999999
D,4,8,5,0.8248921568627451,0.8209705882352941,0.852343137254902,-0.38268343236509034,-0.9238795325112865,0.03680741669446393,0.852343137254902
D,4,8,6,0.8244901960784314,0.820529411764706,0.8520196078431373,-0.381930281996233,-0.9241911380738715,0.036959473454076845,0.8520196078431373
D,4,8,7,0.8198137254901962,0.8153039215686274,0.8484411764705883,-0.37192392144901676,-0.9282632151787474,0.039056632116569096,0.8484411764705883
D,4,8,8,0.8197254901960784,0.8149411764705883,0.8489019607843137,-0.36726991542885773,-0.9301144065225952,0.04000554349332461,0.8489019607843137
D,4,8,9,0.820764705882353,0.8160588235294117,0.8497843137254901,-0.36857737395836065,-0.9295970736862067,0.03968711783843648,0.8497843137254901
R,5,0,0,0.9998540305010893,0.5570675381263617,0.30155337690631806,0.9274809720566363,0.3738703605166864,0.6984025990721958,0.9998540305010893
R,5,0,1,1.0,0.5568725490196078,0.29804901960784314,0.9263761234559674,0.37659962545214287,0.7019509803921569,1.0
R,5,0,2,0.9999411764705883,0.5568039215686275,0.29798039215686273,0.9263781543607814,0.376594629705619,0.7020020785536405,0.9999411764705883
R,5,0,3,0.9993627450980392,0.5562450980392157,0.29738235294117643,0.9263601837478382,0.3766388322606572,0.7024280178545151,0.9993627450980392
R,5,0,4,0.9999607843137255,0.5566274509803921,0.3014117647058823,0.9276990355947609,0.3733289425647985,0.6985764147613632,0.9999607843137255
R,5,0,5,0.9999803921568627,0.5568627450980392,0.2980392156862745,0.9263740924674806,0.3766046213272638,0.701954940292947,0.9999803921568627
R,5,0,6,1.0,0.5568823529411765,0.29817647058823527,0.9264158203689125,0.3765019625051042,0.7018235294117647,1.0
R,5,0,7,0.9998725490196079,0.5573627450980392,0.30820588235294116,0.9296890325087217,0.3683453580988865,0.6917548314981321,0.9998725490196079
R,5,0,8,0.9996176470588235,0.5586372549019608,0.3084803921568628,0.9290229740732873,0.37002204480817663,0.6914016143427388,0.9996176470588235
R,5,0,9,0.9999509803921569,0.5573137254901961,0.3062549019607843,0.9290364935992708,0.36998809921505876,0.6937300848080789,0.9999509803921569
R,5,1,0,0.9997331154684096,0.5596546840958605,0.3059291938997821,0.9275618029269841,0.3736697763411468,0.6939891365342602,0.9997331154684096
R,5,1,1,0.9997254901960785,0.5565,0.29771568627450984,0.9264103348315436,0.3765154598649402,0.7022025654101126,0.9997254901960785
R,5,1,2,0.9997450980392157,0.5573235294117648,0.29924509803921573,0.926494357490934,0.3763086572714763,0.7006786043501284,0.9997450980392157
R,5,1,3,0.9997941176470589,0.559235294117647,0.30798039215686274,0.9285443255780248,0.37122154495240584,0.6919561870581198,0.9997941176470589
R,5,1,4,0.9994215686274509,0.5582254901960784,0.3024607843137255,0.9270642468725719,0.37490249688497795,0.6973641616228995,0.9994215686274509
R,5,1,5,0.9994411764705883,0.5602156862745098,0.3078235294117647,0.9278635200431811,0.3729199487464802,0.6920043553750626,0.9994411764705883
R,5,1,6,0.9999901960784314,0.5615294117647058,0.31031372549019604,0.9281283283750514,0.3722604008859022,0.689683232188551,0.9999901960784314
R,5,1,7,0.9996372549019608,0.5592254901960784,0.30526470588235294,0.9275463916463257,0.37370802954162086,0.6946245206594548,0.9996372549019608
R,5,1,8,0.9999411764705883,0.5610882352941177,0.310343137254902,0.9283779931496707,0.371637325675705,0.6896386061925212,0.9999411764705883
R,5,1,9,0.9999019607843137,0.5635490196078432,0.3122156862745098,0.9276499300121683,0.37345094369732057,0.687753701343269,0.9999019607843137
R,5,2,0,0.9989858387799564,0.5667113289760348,0.31263725490196076,0.9257984500214864,0.37801749951267244,0.6870453586371364,0.9989858387799564
R,5,2,1,0.9997254901960785,0.5625294117647058,0.31064705882352944,0.92762710273352,0.37350764152051236,0.6892676420978309,0.9997254901960785
R,5,2,2,0.9999901960784314,0.5619313725490196,0.3109509803921569,0.9281301235552022,0.3722559250695752,0.6890459710389318,0.9999901960784314
R,5,2,3,0.9991470588235294,0.5637254901960784,0.3110980392156863,0.9269882770058921,0.37509030151904404,0.6886363859370246,0.9991470588235294
R,5,2,4,0.9976274509803922,0.5667745098039216,0.3099117647058824,0.9244789666870807,0.3812330522832294,0.6893512058020007,0.9976274509803922
R,5,2,5,0.999686274509804,0.5643725490196078,0.31276470588235294,0.927334201515305,0.37423425644904795,0.6871371410638631,0.999686274509804
R,5,2,6,0.9995882352941177,0.5673137254901961,0.31460784313725493,0.9262956406491061,0.37679753995277365,0.6852625590929597,0.9995882352941177
R,5,2,7,0.998656862745098,0.5704705882352941,0.31454901960784315,0.9242416487048392,0.3818080339638764,0.6850279296702434,0.998656862745098
R,5,2,8,0.9981274509803922,0.5696470588235294,0.31180392156862746,0.923603800519278,0.3833484311515384,0.6876111149309,0.9981274509803922
R,5,2,9,0.9983235294117648,0.5736372549019608,0.3174019607843137,0.9233550461078112,0.383947208385791,0.6820650305904998,0.9983235294117648
R,5,3,0,0.9982167755991286,0.5775435729847495,0.3420936819172113,0.930219065915072,0.3670047539311868,0.6572951985184912,0.9982167755991286
R,5,3,1,0.9985882352941177,0.5761960784313725,0.34455882352941175,0.93200680252002,0.36244078144768477,0.6549540527803959,0.9985882352941177
R,5,3,2,0.9987058823529412,0.5751372549019608,0.34184313725490195,0.9316287607741924,0.3634114088720144,0.6577139042682688,0.9987058823529412
R,5,3,3,0.9991470588235294,0.575578431372549,0.3382058823529412,0.9301063956713126,0.36729020233504694,0.6615054016661269,0.9991470588235294
R,5,3,4,0.998343137254902,0.5772058823529411,0.34728431372549023,0.9323931266109893,0.36144578770347235,0.6521393288880596,0.998343137254902
R,5,3,5,0.9962745098039216,0.5801960784313727,0.34411764705882353,0.9290048471688982,0.37006755320710316,0.6545955520566817,0.9962745098039216
R,5,3,6,0.9981568627450981,0.5777450980392157,0.3419803921568627,0.9300457922468397,0.3674436342133963,0.6573881271362905,0.9981568627450981
R,5,3,7,0.9972156862745097,0.5779901960784314,0.34418627450980394,0.9305340568275134,0.36620536463046255,0.6548527272012269,0.9972156862745097
R,5,3,8,0.9977156862745099,0.5798529411764707,0.3408333333333334,0.9282770761322162,0.37188932483660186,0.6583863138345436,0.9977156862745099
R,5,3,9,0.9998039215686275,0.5779901960784314,0.3358333333333333,0.9279493948754747,0.3727062121165147,0.6641008040792312,0.9998039215686275
R,5,4,0,0.9990751633986927,0.5861394335511984,0.3238246187363834,0.9183896180018443,0.3956772795428448,0.6758756191728517,0.9990751633986927
R,5,4,1,0.9992549019607844,0.5870196078431372,0.3263921568627451,0.9188568488187357,0.3945910432066383,0.6733644676425573,0.9992549019607844
R,5,4,2,0.9987843137254901,0.5875196078431373,0.3284607843137255,0.9192171349828202,0.39375101111486144,0.6711394243982881,0.9987843137254901
R,5,4,3,0.9995098039215686,0.587764705882353,0.32894117647058824,0.9194199414012617,0.3932772194695498,0.6708974987739087,0.9995098039215686
R,5,4,4,0.9994117647058823,0.5842254901960784,0.3188529411764706,0.9177823627792321,0.3970837878475651,0.6809593878752207,0.9994117647058823
R,5,4,5,0.9988725490196079,0.5854803921568628,0.32391176470588234,0.9187781502063328,0.39477425283752904,0.6757226284536487,0.9988725490196079
R,5,4,6,0.9989607843137256,0.5869607843137256,0.3278235294117647,0.9193620962887872,0.3934124246989243,0.671835436826506,0.9989607843137256
R,5,4,7,0.9988333333333334,0.585764705882353,0.3171274509803922,0.9160552042608562,0.4010521945415597,0.682502134843592,0.9988333333333334
R,5,4,8,0.9995784313725491,0.5833725490196078,0.31435294117647056,0.916669856210357,0.3996453111388689,0.6855144815951824,0.9995784313725491
R,5,4,9,0.9984705882352942,0.5871470588235294,0.32855882352941174,0.9194087281470484,0.3933034332510038,0.6709379050312243,0.9984705882352942
R,5,5,0,0.9995762527233115,0.5938572984749455,0.3676644880174292,0.9305646195047852,0.3661276948359881,0.6321796491105708,0.9995762527233115
R,5,5,1,0.9999705882352942,0.5933725490196079,0.3549803921568627,0.9260264564115777,0.37745860968564005,0.6450091669362825,0.9999705882352942
R,5,5,2,0.9999117647058823,0.5952843137254903,0.3678137254901961,0.9298281365103,0.36799407135683976,0.6321538174937004,0.9999117647058823
R,5,5,3,0.9997647058823529,0.5945686274509804,0.38067647058823534,0.9352605170892703,0.35396011805556676,0.6192339373970346,0.9997647058823529
R,5,5,4,1.0,0.5948039215686275,0.3551960784313726,0.925237004541009,0.3793896221933078,0.6448039215686274,1.0
R,5,5,5,1.0,0.5942254901960784,0.3677156862745098,0.9304532201119079,0.36641070560694794,0.6322843137254902,1.0
R,5,5,6,0.9978039215686274,0.5979411764705882,0.387078431372549,0.9353455337268842,0.35373539904449763,0.6120696431378714,0.9978039215686274
R,5,5,7,0.9995098039215686,0.5903039215686274,0.35512745098039217,0.9278502481627555,0.37295296886378715,0.644698381559588,0.9995098039215686
R,5,5,8,0.9992843137254902,0.5897843137254902,0.35999019607843136,0.9299884482719408,0.36758874585703466,0.6397519793577756,0.9992843137254902
R,5,5,9,0.9999411764705883,0.5944313725490197,0.3804019607843137,0.935271619016458,0.3539307823040172,0.6195756613134107,0.9999411764705883
R,5,6,0,0.9991481481481481,0.5852320261437908,0.35055882352941176,0.9290728230042814,0.3698968634022938,0.6491422976871366,0.9991481481481481
R,5,6,1,0.9996960784313726,0.5842549019607843,0.34919607843137257,0.9292547474090957,0.3694395950864736,0.6506977610842511,0.9996960784313726
R,5,6,2,0.9995980392156864,0.5839117647058824,0.34697058823529414,0.9285931265532873,0.3710994547530224,0.652889887111486,0.9995980392156864
R,5,6,3,0.9991274509803921,0.5834999999999999,0.3429901960784314,0.9272280047989857,0.374497299211212,0.6567102668014247,0.9991274509803921
R,5,6,4,0.9989607843137256,0.5848137254901961,0.3512058823529412,0.9295286543186518,0.36874988922107654,0.6484287592988793,0.9989607843137256
R,5,6,5,0.9997745098039216,0.5852352941176471,0.34962745098039216,0.928851605046125,0.3704520155205495,0.650293693676025,0.9997745098039216
R,5,6,6,0.9993039215686276,0.5867941176470588,0.3492254901960784,0.9276619096123824,0.3734211850636062,0.6505312521461017,0.9993039215686276
R,5,6,7,0.9983627450980392,0.585607843137255,0.35894117647058826,0.9318862165337486,0.3627507125208928,0.640470181571789,0.9983627450980392
R,5,6,8,0.9984313725490196,0.585107843137255,0.35442156862745094,0.9304675628445646,0.36637428197691,0.6450216025137472,0.9984313725490196
R,5,6,9,0.999078431372549,0.5878627450980393,0.3524509803921569,0.9282026142768214,0.37207513602722014,0.647223912232842,0.999078431372549
R,5,7,0,0.9997472766884532,0.5993398692810458,0.37225599128540304,0.9290454194851926,0.369965685616359,0.6276499071660812,0.9997472766884532
R,5,7,1,0.9999117647058823,0.5997941176470588,0.35755882352941176,0.9230332256338486,0.38472024170294544,0.6424096243786217,0.9999117647058823
R,5,7,2,1.0,0.5989117647058824,0.3669705882352941,0.9272889237238235,0.37434643305247733,0.633029411764706,1.0
R,5,7,3,1.0,0.5974509803921568,0.3757745098039216,0.9316446495082092,0.36337067443964977,0.6242254901960784,1.0
R,5,7,4,1.0,0.5982352941176471,0.3660980392156863,0.9273653543856027,0.37415705189835125,0.6339019607843137,1.0
R,5,7,5,1.0,0.5992058823529413,0.3681666666666667,0.927576359734562,0.3736336398955245,0.6318333333333332,1.0
R,5,7,6,0.9999411764705883,0.6007843137254902,0.36949019607843137,0.9271037158407375,0.37480488267136686,0.6304880679255643,0.9999411764705883
R,5,7,7,0.9992352941176471,0.5990490196078431,0.38367647058823534,0.9336249484313831,0.3582519444001627,0.6160299052216401,0.9992352941176471
R,5,7,8,0.9993039215686276,0.5994411764705883,0.3825,0.9329340990472813,0.3600471730688043,0.6172335645400231,0.9993039215686276
R,5,7,9,0.9993333333333334,0.601186274509804,0.3800686274509804,0.9309035974117195,0.3652649618098065,0.6196778244319743,0.9993333333333334
R,5,8,0,0.9980697167755992,0.6154989106753812,0.41992156862745095,0.9379074385435404,0.3468856248458487,0.5792662961620908,0.9980697167755992
R,5,8,1,0.9990490196078431,0.6034509803921568,0.38979411764705885,0.9333229283953333,0.3590380360512792,0.6098348429388732,0.9990490196078431
R,5,8,2,0.9983039215686275,0.6098431372549019,0.4046176470588236,0.9351920744872777,0.3541409095489845,0.5946949237432115,0.9983039215686275
R,5,8,3,0.997921568627451,0.6103823529411765,0.4128333333333334,0.9381406891199688,0.3462543103233663,0.5863068338114512,0.997921568627451
R,5,8,4,0.9978039215686274,0.6154411764705883,0.4169705882352941,0.9366600662812259,0.35023980389734344,0.5821116962741707,0.9978039215686274
R,5,8,5,0.9971470588235295,0.6174117647058823,0.4224313725490196,0.9375503371706093,0.34784963025893356,0.5763600074722985,0.9971470588235295
R,5,8,6,0.9978039215686274,0.6203725490196078,0.42837254901960786,0.938307821573204,0.3458011451319215,0.5706846407797516,0.9978039215686274
R,5,8,7,0.9971862745098039,0.6172745098039216,0.4275294117647059,0.9397809409462233,0.3417773881260011,0.571264243508696,0.9971862745098039
R,5,8,8,0.9982745098039216,0.6208333333333333,0.4349705882352941,0.9408981159757336,0.3386897331678582,0.5642775769956003,0.9982745098039216
R,5,8,9,0.9991372549019608,0.6244803921568628,0.4417745098039216,0.9416571659179828,0.3365735905791076,0.5578440222937435,0.9991372549019608
L,6,0,0,0.928264705882353,0.2564150326797386,0.232797385620915,0.9993677318990997,0.03555469643871581,0.7492122837961056,0.928264705882353
L,6,0,1,0.9267843137254902,0.254343137254902,0.23698039215686276,0.9996526338011507,0.02635548774776623,0.7442982270553886,0.9267843137254902
L,6,0,2,0.9245882352941177,0.2527843137254902,0.22898039215686275,0.9993579795748804,0.03582776381541314,0.7523433855028205,0.9245882352941177
L,6,0,3,0.9217843137254902,0.2511960784313726,0.221,0.9989821450405303,0.045107359601521055,0.7602476016251516,0.9217843137254902
L,6,0,4,0.9277941176470589,0.25457843137254904,0.2372843137254902,0.9996560783903897,0.026224510236552746,0.7442489565171448,0.9277941176470589
L,6,0,5,0.9275882352941176,0.2567745098039216,0.22879411764705881,0.9991210326941854,0.04191851653034158,0.75334517090494,0.9275882352941176
L,6,0,6,0.9274411764705882,0.2568529411764706,0.22708823529411765,0.9990097956471099,0.04449076534652779,0.755145403228364,0.9274411764705882
L,6,0,7,0.933264705882353,0.2600882352941177,0.24087254901960783,0.999577716422878,0.02905836937655872,0.7419032912083872,0.933264705882353
L,6,0,8,0.9335098039215687,0.26019607843137255,0.24094117647058821,0.9995762072167241,0.02911023816853116,0.7418975403810204,0.9335098039215687
L,6,0,9,0.9316274509803921,0.260921568627451,0.23323529411764707,0.9991384208084744,0.04150200072704854,0.749647464904342,0.9316274509803921
L,6,1,0,0.9397047930283224,0.27240958605664484,0.22080610021786493,0.9971761252737541,0.07509843662834963,0.7650260998389843,0.9397047930283224
L,6,1,1,0.9343235294117647,0.2651764705882353,0.22203921568627452,0.9979896118350869,0.06337771429495062,0.7623529658660455,0.9343235294117647
L,6,1,2,0.9363235294117648,0.26812745098039215,0.2215,0.9976679168251839,0.06825487336225848,0.7634364692948014,0.9363235294117648
L,6,1,3,0.9390882352941177,0.27160784313725495,0.22293137254901962,0.9974679881834612,0.07111689355728691,0.762608704730287,0.9390882352941177
L,6,1,4,0.9378627450980392,0.27076470588235296,0.21998039215686274,0.9972572814957275,0.07401293470570817,0.7654450042859234,0.9378627450980392
L,6,1,5,0.9411960784313725,0.2741372549019608,0.22315686274509805,0.997237278022983,0.07428197171125522,0.7629007729005646,0.9411960784313725
L,6,1,6,0.9415490196078431,0.27488235294117647,0.22094117647058825,0.9969292270644053,0.07830782990715089,0.7653428851079781,0.9415490196078431
L,6,1,7,0.944735294117647,0.2780686274509804,0.22112745098039216,0.996606656614432,0.08231143293494252,0.7659371335471082,0.944735294117647
L,6,1,8,0.9400196078431373,0.2733529411764706,0.21601960784313726,0.9965635059708039,0.08283223145116597,0.7701967001105526,0.9400196078431373
L,6,1,9,0.9422450980392157,0.2755686274509804,0.21955882352941178,0.9967083221255274,0.08107108365943995,0.7669833210209241,0.9422450980392157
L,6,2,0,0.9420359477124183,0.282223311546841,0.2659934640522876,0.9996840013211372,0.025137571532676695,0.7176397942156988,0.9420359477124183
L,6,2,1,0.9345000000000001,0.2757058823529412,0.2567647058823529,0.9995717573324099,0.029262637328132342,0.72523840997073,0.9345000000000001
L,6,2,2,0.9377156862745099,0.26684313725490194,0.24912745098039216,0.9996370910029746,0.02693856512716838,0.7343251748617312,0.9377156862745099
L,6,2,3,0.9380588235294118,0.2678137254901961,0.2482549019607843,0.999559212296245,0.029688063488720745,0.7353525218954454,0.9380588235294118
L,6,2,4,0.9390588235294118,0.2891372549019608,0.2718921568627451,0.9996336776815625,0.02706493016495768,0.7104631253654055,0.9390588235294118
L,6,2,5,0.9398725490196079,0.2810098039215686,0.26700980392156864,0.9997626369226449,0.021786918402559693,0.7159084982319256,0.9398725490196079
L,6,2,6,0.9403235294117647,0.2745,0.25991176470588234,0.9997479591784271,0.022450347849648004,0.7235932563886021,0.9403235294117647
L,6,2,7,0.9485196078431373,0.3013529411764706,0.28385294117647064,0.9996199261181067,0.027568157494306383,0.700741092931193,0.9485196078431373
L,6,2,8,0.9495588235294118,0.290578431372549,0.2781078431372549,0.9998108707045495,0.019447951589060052,0.7071188890609674,0.9495588235294118
L,6,2,9,0.9507156862745099,0.2930686274509804,0.2790196078431373,0.999760140850349,0.021901159030749344,0.7065162467903436,0.9507156862745099
L,6,3,0,0.9639836601307189,0.3272723311546841,0.31387037037037036,0.9997669929983292,0.02158609995063719,0.6744028105955565,0.9639836601307189
L,6,3,1,0.9560392156862745,0.3355294117647059,0.3377450980392157,0.999993008892604,-0.003739273447663833,0.6490422084580992,0.9560392156862745
L,6,3,2,0.9600098039215686,0.326686274509804,0.3179705882352941,0.9998989584513766,0.014215234357982736,0.66878401977104,0.9600098039215686
L,6,3,3,0.9639607843137254,0.32556862745098036,0.30901960784313726,0.9996499405143146,0.02645744563875021,0.679427199869818,0.9639607843137254
L,6,3,4,0.9589411764705882,0.3287843137254902,0.32419607843137255,0.9999713504491385,0.0075695627962391624,0.6619228724491882,0.9589411764705882
L,6,3,5,0.9625,0.32994117647058824,0.32018627450980397,0.9998735352472529,0.015903254766262392,0.6673389355742296,0.9625
L,6,3,6,0.9666666666666667,0.32924509803921564,0.3141372549019608,0.999706092467887,0.024243116189724533,0.6750304259634887,0.9666666666666667
L,6,3,7,0.9669313725490196,0.3237156862745098,0.3052843137254902,0.9995745397171817,0.029167439880529764,0.684275097082949,0.9669313725490196
L,6,3,8,0.9709705882352941,0.3196960784313726,0.2952843137254902,0.9992843781511054,0.037825012665676165,0.695887478670019,0.9709705882352941
L,6,3,9,0.9698333333333333,0.3262843137254902,0.3010098039215687,0.9992170879833034,0.03956274866799863,0.689627285868807,0.9698333333333333
L,6,4,0,0.961066448801743,0.29395098039215684,0.24018082788671025,0.9969510083573861,0.07803003867223741,0.7500892595031617,0.961066448801743
L,6,4,1,0.9656470588235294,0.29858823529411765,0.24854901960784315,0.9973313114180483,0.07300859720030264,0.7426088369070825,0.9656470588235294
L,6,4,2,0.9673333333333334,0.2993529411764706,0.25129411764705883,0.9975309999365919,0.07022751715320062,0.7402197267604491,0.9673333333333334
L,6,4,3,0.9661666666666667,0.2974607843137255,0.25400980392156863,0.9979595435767263,0.063849427437778,0.7370952521080884,0.9661666666666667
L,6,4,4,0.9600392156862745,0.29305882352941176,0.2396470588235294,0.9969873757939189,0.07756398976042307,0.7503778440423186,0.9600392156862745
L,6,4,5,0.9574901960784313,0.2908235294117647,0.23301960784313727,0.9965114282801054,0.08345641561404628,0.7566349934469201,0.9574901960784313
L,6,4,6,0.9605588235294118,0.29389215686274506,0.23695098039215687,0.996606656614432,0.08231143293494246,0.7533196566541127,0.9605588235294118
L,6,4,7,0.9615196078431373,0.29501960784313724,0.23580392156862745,0.9963515911904103,0.0853434633251877,0.7547591129237827,0.9615196078431373
L,6,4,8,0.9524313725490197,0.285764705882353,0.22694117647058826,0.9963974885425265,0.08480592447550919,0.7617243792975666,0.9524313725490197
L,6,4,9,0.9584117647058824,0.2915980392156863,0.23541176470588235,0.9966904311595974,0.08129074015467973,0.7543730436383723,0.9584117647058824
L,6,5,0,0.9696132897603487,0.3570980392156863,0.35340305010893247,0.9999802851118959,0.006279282405776952,0.6355216519399397,0.9696132897603487
L,6,5,1,0.9692745098039215,0.33704901960784317,0.3261274509803922,0.9998418878450737,0.017781993993901724,0.6635344810147067,0.9692745098039215
L,6,5,2,0.965872549019608,0.34871568627450983,0.34440196078431373,0.9999735826544154,0.007268699559967666,0.6434291862483379,0.965872549019608
L,6,5,3,0.961843137254902,0.364078431372549,0.36426470588235293,0.9999999467556467,-0.00032632606966525565,0.6214783707750642,0.961843137254902
L,6,5,4,0.9688725490196078,0.3498627450980392,0.3383823529411765,0.9998182096388608,0.019066926195453342,0.6507462686567163,0.9688725490196078
L,6,5,5,0.9733627450980392,0.35665686274509806,0.3473235294117647,0.9998781322214033,0.015611556790976335,0.6431715399413797,0.9733627450980392
L,6,5,6,0.963921568627451,0.3725392156862745,0.3751078431372549,0.9999896559167075,-0.004548412864377445,0.6135170870626526,0.963921568627451
L,6,5,7,0.9759705882352941,0.3535392156862745,0.3483627450980392,0.999962699442975,0.008637113100936627,0.6430602015088047,0.9759705882352941
L,6,5,8,0.9766960784313725,0.3573235294117647,0.3591666666666667,0.9999951444510429,-0.003116259671116592,0.6341507483211708,0.9766960784313725
L,6,5,9,0.9707058823529412,0.37411764705882355,0.3774901960784314,0.9999824776180041,-0.005919835889455946,0.6145921706459823,0.9707058823529412
L,6,6,0,0.9612679738562091,0.3471917211328976,0.31473529411764706,0.9986185102305075,0.052545894463808696,0.6725831894148523,0.9612679738562091
L,6,6,1,0.9514411764705882,0.34265686274509805,0.31399019607843137,0.998891315997566,0.047075883684225814,0.669984646614527,0.9514411764705882
L,6,6,2,0.9619901960784314,0.3336470588235294,0.3039313725490196,0.9988821374525583,0.04727023882114844,0.6840598024927896,0.9619901960784314
L,6,6,3,0.9762549019607842,0.3339901960784314,0.29658823529411765,0.9983400162027324,0.05759524327866008,0.6961979553716685,0.9762549019607842
L,6,6,4,0.9515098039215686,0.35343137254901963,0.3205294117647059,0.9985095028207622,0.054578134602001005,0.663135986152039,0.9515098039215686
L,6,6,5,0.962764705882353,0.3468823529411765,0.320921568627451,0.9991031080532929,0.042343588396002246,0.6666666666666666,0.962764705882353
L,6,6,6,0.9734313725490196,0.34610784313725496,0.315343137254902,0.9988019421641033,0.04893547107380443,0.6760499546782153,0.9734313725490196
L,6,6,7,0.9505,0.35990196078431375,0.32453921568627453,0.9982505631902885,0.05912540139628437,0.6585594784994482,0.9505
L,6,6,8,0.9590686274509804,0.35840196078431374,0.32279411764705884,0.9982832572370574,0.05857079750328738,0.6634295936621517,0.9590686274509804
L,6,6,9,0.9644509803921568,0.34970588235294114,0.31398039215686274,0.9983464833092268,0.057483034576296055,0.6744465000914877,0.9644509803921568
L,6,7,0,0.9639618736383442,0.40169607843137256,0.36218845315904136,0.9976376076969228,0.06869646067128035,0.6242709768260752,0.9639618736383442
L,6,7,1,0.968186274509804,0.3886078431372549,0.35142156862745094,0.9980074497758779,0.06309619791911976,0.6370310364032202,0.968186274509804
L,6,7,2,0.9669215686274509,0.39225490196078433,0.35584313725490196,0.998053851982688,0.0623579068163664,0.6319834526392635,0.9669215686274509
L,6,7,3,0.9687450980392157,0.3976470588235294,0.362078431372549,0.9981158097262112,0.06135821358701638,0.626239727968263,0.9687450980392157
L,6,7,4,0.9620392156862745,0.39509803921568626,0.35827450980392156,0.9979611044190474,0.06382502696211952,0.6275884558943421,0.9620392156862745
L,6,7,5,0.9624901960784313,0.39954901960784317,0.3580392156862745,0.9974152457861867,0.0718528181304034,0.6280074154053008,0.9624901960784313
L,6,7,6,0.9648333333333333,0.4086372549019608,0.36415686274509806,0.9969948540089958,0.07746780673015839,0.6225701888978081,0.9648333333333333
L,6,7,7,0.9624117647058823,0.40648039215686277,0.36396078431372547,0.9972333882326898,0.0743341737961037,0.6218242568710144,0.9624117647058823
L,6,7,8,0.959607843137255,0.41183333333333333,0.3673921568627451,0.9969138643363336,0.07850316613996096,0.6171434409480997,0.959607843137255
L,6,7,9,0.960421568627451,0.41515686274509805,0.3785294117647059,0.9978283073081868,0.06586857471115272,0.6058716045854047,0.960421568627451
L,6,8,0,0.9535936819172113,0.4639738562091503,0.44386165577342046,0.9991465053801657,0.04130690967141639,0.5345379649736862,0.9535936819172113
L,6,8,1,0.9619019607843137,0.4323823529411765,0.40901960784313723,0.9990210992593745,0.04423622084435902,0.574780357543266,0.9619019607843137
L,6,8,2,0.9598529411764707,0.44522549019607843,0.42513725490196075,0.9992262352348853,0.039331041409015874,0.5570808436749911,0.9598529411764707
L,6,8,3,0.9553529411764706,0.45797058823529413,0.44222549019607843,0.9994837856032347,0.03212728305081556,0.5371077314615275,0.9553529411764706
L,6,8,4,0.9568627450980393,0.458578431372549,0.43639215686274513,0.9990038344893419,0.044624417930002686,0.5439344262295082,0.9568627450980393
L,6,8,5,0.957078431372549,0.47240196078431373,0.45484313725490194,0.9993298761126678,0.03660326090172825,0.5247587633934975,0.957078431372549
L,6,8,6,0.9483921568627451,0.48016666666666663,0.46235294117647063,0.9992635541559298,0.03837120451144322,0.512487595104201,0.9483921568627451
L,6,8,7,0.950764705882353,0.4692352941176471,0.44516666666666665,0.9987576922746194,0.049830433695450836,0.5317804038029244,0.950764705882353
L,6,8,8,0.9495098039215686,0.4746470588235294,0.4571764705882353,0.9993096428313147,0.03715155103559206,0.5185131646876613,0.9495098039215686
L,6,8,9,0.9426274509803921,0.48515686274509806,0.46244117647058824,0.9987732087721011,0.04951845554014235,0.5094125722843948,0.9426274509803921
